{
    "best_val_accuracy": 0.939316987991333,
    "best_val_loss": 0.30602774112240266,
    "loss": -0.939316987991333,
    "model_name": "model_0.94_id_dd578",
    "real_loss": 0.32279778664049347,
    "space": {
        "activation": "elu",
        "batch_size": 70.0,
        "conv_dropout_drop_proba": 0.2147745836909418,
        "conv_hiddn_units_mult": 0.5494287535087288,
        "conv_kernel_size": 2.0,
        "conv_pool_res_start_idx": 1.0,
        "epochs": 110.0,
        "fc_dropout_drop_proba": 0.022328047738693374,
        "fc_units_1_mult": 1.001560735038127,
        "first_conv": 3,
        "l2_weight_reg_mult": 3.6653185979291685,
        "lr_rate_mult": 0.6088880584646449,
        "nb_conv_pool_layers": 3,
        "one_more_fc": 0.662154856821028,
        "optimizer": "RMSprop",
        "pooling_type": "avg",
        "res_conv_kernel_size": 3.0,
        "residual": 3.0,
        "use_BN": true
    },
    "status": "ok"
}