{
    "best_val_accuracy": 0.942327618598938,
    "best_val_loss": 0.39675197799072087,
    "loss": -0.942327618598938,
    "model_name": "model_0.94_id_0ca17",
    "real_loss": 0.5786978488213548,
    "space": {
        "activation": "relu",
        "batch_size": 100.0,
        "conv_dropout_drop_proba": 0.015469661591899107,
        "conv_hiddn_units_mult": 0.666333114405389,
        "conv_kernel_size": 3.0,
        "conv_pool_res_start_idx": 2.0,
        "epochs": 60.0,
        "fc_dropout_drop_proba": 0.09785308399020283,
        "fc_units_1_mult": 1.078465994446283,
        "first_conv": 3,
        "l2_weight_reg_mult": 0.9264899666665989,
        "lr_rate_mult": 0.8445219876730484,
        "nb_conv_pool_layers": 3,
        "one_more_fc": 0.6841183505949361,
        "optimizer": "Adam",
        "pooling_type": "max",
        "res_conv_kernel_size": 3.0,
        "residual": 3.0,
        "use_BN": true
    },
    "status": "ok"
}