{
    "best_val_accuracy": 0.8918995261192322,
    "best_val_loss": 0.4082867494203094,
    "loss": -0.8918995261192322,
    "model_name": "model_0.89_id_e5712",
    "real_loss": 1.2091878579747408,
    "space": {
        "activation": "relu",
        "batch_size": 40.0,
        "conv_dropout_drop_proba": 0.0924739350310279,
        "conv_hiddn_units_mult": 0.5901403723767287,
        "conv_kernel_size": 4.0,
        "conv_pool_res_start_idx": 1.0,
        "epochs": 100.0,
        "fc_dropout_drop_proba": 0.3191620917633399,
        "fc_units_1_mult": 0.7161134211999474,
        "first_conv": null,
        "l2_weight_reg_mult": 1.2969156526925727,
        "lr_rate_mult": 0.7808423202864181,
        "nb_conv_pool_layers": 2,
        "one_more_fc": 1.2466952047231916,
        "optimizer": "RMSprop",
        "pooling_type": "max",
        "res_conv_kernel_size": 3.0,
        "residual": null,
        "use_BN": true
    },
    "status": "ok"
}