{
    "best_val_accuracy": 0.9464672207832336,
    "best_val_loss": 0.26518125024354344,
    "loss": -0.9464672207832336,
    "model_name": "model_0.95_id_f58b4",
    "real_loss": 0.3246992940657607,
    "space": {
        "activation": "elu",
        "batch_size": 100.0,
        "conv_dropout_drop_proba": 0.3072583126155909,
        "conv_hiddn_units_mult": 0.7655612652817378,
        "conv_kernel_size": 3.0,
        "conv_pool_res_start_idx": 1.0,
        "epochs": 60.0,
        "fc_dropout_drop_proba": 0.12278806206422954,
        "fc_units_1_mult": 0.6510004723476623,
        "first_conv": null,
        "l2_weight_reg_mult": 0.37747519746406716,
        "lr_rate_mult": 1.236441110794273,
        "nb_conv_pool_layers": 3,
        "one_more_fc": null,
        "optimizer": "RMSprop",
        "pooling_type": "all_conv",
        "res_conv_kernel_size": 4.0,
        "residual": null,
        "use_BN": true
    },
    "status": "ok"
}