{
    "best_val_accuracy": 0.8188999891281128,
    "best_val_loss": 0.5015839330561749,
    "loss": -0.8188999891281128,
    "model_name": "model_0.8189_710e1",
    "real_loss": 0.5015835854914281,
    "space": {
        "activation": "relu",
        "batch_size": 130.0,
        "conv_dropout_drop_proba": 0.31465979696185387,
        "conv_hiddn_units_mult": 0.6555277511780733,
        "conv_kernel_size": 3.0,
        "conv_pool_res_start_idx": 2.0,
        "epochs": 90.0,
        "fc_dropout_drop_proba": 0.45180878004063285,
        "fc_units_1_mult": 0.7027288111319707,
        "first_conv": 4,
        "l2_weight_reg_mult": 1.2529053692935606,
        "lr_rate_mult": 1.4288434091495368,
        "nb_conv_pool_layers": 2,
        "one_more_fc": 0.9515474857289429,
        "optimizer": "RMSprop",
        "pooling_type": "avg",
        "res_conv_kernel_size": 2.0,
        "residual": 2.0,
        "use_BN": true
    },
    "status": "ok"
}