{
    "best_val_accuracy": 0.7669000029563904,
    "best_val_loss": 1.2685722088813782,
    "loss": -0.7669000029563904,
    "model_name": "model_0.7669_f08a5",
    "real_loss": 1.2685721859931947,
    "space": {
        "activation": "elu",
        "batch_size": 40.0,
        "conv_dropout_drop_proba": 0.3079665734239197,
        "conv_hiddn_units_mult": 0.9202639483198808,
        "conv_kernel_size": 3.0,
        "conv_pool_res_start_idx": 0.0,
        "epochs": 50.0,
        "fc_dropout_drop_proba": 0.47504949108305716,
        "fc_units_1_mult": 0.7286333777436951,
        "first_conv": 3,
        "l2_weight_reg_mult": 1.5052183631262432,
        "lr_rate_mult": 0.6926134042972926,
        "nb_conv_pool_layers": 3,
        "one_more_fc": 1.220835059347024,
        "optimizer": "Adam",
        "pooling_type": "avg",
        "res_conv_kernel_size": 3.0,
        "residual": 2.0,
        "use_BN": false
    },
    "status": "ok"
}