{
    "best_val_accuracy": 0.817300021648407,
    "best_val_loss": 0.43541454296269105,
    "loss": -0.817300021648407,
    "model_name": "model_0.8173_6c98c",
    "real_loss": 0.489223855341266,
    "space": {
        "activation": "elu",
        "batch_size": 60.0,
        "conv_dropout_drop_proba": 0.02957692111919127,
        "conv_hiddn_units_mult": 0.6006876487040416,
        "conv_kernel_size": 4.0,
        "conv_pool_res_start_idx": 1.0,
        "epochs": 130.0,
        "fc_dropout_drop_proba": 0.36057338606878375,
        "fc_units_1_mult": 1.4643402044659597,
        "first_conv": 4,
        "l2_weight_reg_mult": 1.1338396338952916,
        "lr_rate_mult": 0.9573750586862668,
        "nb_conv_pool_layers": 2,
        "one_more_fc": null,
        "optimizer": "Nadam",
        "pooling_type": "all_conv",
        "res_conv_kernel_size": 3.0,
        "residual": 1.0,
        "use_BN": true
    },
    "status": "ok"
}