{
    "best_val_accuracy": 0.5011000037193298,
    "best_val_loss": 0.7550716950343206,
    "loss": -0.5011000037193298,
    "model_name": "model_0.5011_3b3d9",
    "real_loss": 0.7550716950343206,
    "space": {
        "activation": "elu",
        "batch_size": 110.0,
        "conv_dropout_drop_proba": 0.048715376731008564,
        "conv_hiddn_units_mult": 1.639654907469778,
        "conv_kernel_size": 3.0,
        "conv_pool_res_start_idx": 2.0,
        "epochs": 10.0,
        "fc_dropout_drop_proba": 0.3004427012190271,
        "fc_units_1_mult": 1.6458614413143409,
        "first_conv": 3,
        "l2_weight_reg_mult": 0.9889224156076305,
        "lr_rate_mult": 0.6903869419062264,
        "nb_conv_pool_layers": 2,
        "one_more_fc": null,
        "optimizer": "RMSprop",
        "pooling_type": "all_conv",
        "res_conv_kernel_size": 3.0,
        "residual": 3.0,
        "use_BN": false
    },
    "status": "ok"
}