{
    "best_val_accuracy": 0.5055000185966492,
    "best_val_loss": 0.6932950159171959,
    "loss": -0.5055000185966492,
    "model_name": "model_0.5055_570a7",
    "real_loss": 0.6932950159171959,
    "space": {
        "activation": "elu",
        "batch_size": 130.0,
        "conv_dropout_drop_proba": 0.1756517187274747,
        "conv_hiddn_units_mult": 0.7207168677981096,
        "conv_kernel_size": 4.0,
        "conv_pool_res_start_idx": 2.0,
        "epochs": 180.0,
        "fc_dropout_drop_proba": 0.19337169977286528,
        "fc_units_1_mult": 1.7292349162242682,
        "first_conv": 3,
        "l2_weight_reg_mult": 2.8979483967733075,
        "lr_rate_mult": 0.615303168581843,
        "nb_conv_pool_layers": 2,
        "one_more_fc": null,
        "optimizer": "RMSprop",
        "pooling_type": "inception",
        "res_conv_kernel_size": 2.0,
        "residual": null,
        "use_BN": false
    },
    "status": "ok"
}