{
    "best_val_accuracy": 0.820900022983551,
    "best_val_loss": 0.4764556231612931,
    "loss": -0.820900022983551,
    "model_name": "model_0.8209_545a6",
    "real_loss": 0.5121971296514579,
    "space": {
        "activation": "relu",
        "batch_size": 60.0,
        "conv_dropout_drop_proba": 0.014792993159456723,
        "conv_hiddn_units_mult": 1.4904806165817541,
        "conv_kernel_size": 2.0,
        "conv_pool_res_start_idx": 1.0,
        "epochs": 80.0,
        "fc_dropout_drop_proba": 0.3715011734516064,
        "fc_units_1_mult": 0.6126095977759917,
        "first_conv": 4,
        "l2_weight_reg_mult": 2.3211652385925587,
        "lr_rate_mult": 0.8317736881281356,
        "nb_conv_pool_layers": 2,
        "one_more_fc": 0.8143286478371015,
        "optimizer": "RMSprop",
        "pooling_type": "inception",
        "res_conv_kernel_size": 3.0,
        "residual": 3.0,
        "use_BN": true
    },
    "status": "ok"
}